Symbol,Name,Last Sale,Net Change,% Change,Market Cap,Country,IPO Year,Volume,Sector,Industry
AAU,Almaden Minerals Ltd. Common Shares,$0.3102,0.0142,4.797%,42566081.00,Canada,2015,847168,,
ACU,Acme United Corporation. Common Stock,$35.23,1.18,3.465%,125407773.00,United States,1988,13172,Consumer Durables,Home Furnishings
ACY,AeroCentury Corp. Common Stock,$50.81,3.96,8.453%,224418167.00,United States,,414056,Technology,Diversified Commercial Services
ADRA,Adara Acquisition Corp. Class A Common Stock,$9.81,0.00,0.00%,141018750.00,United States,2021,7849,,
AE,Adams Resources & Energy Inc. Common Stock,$27.11,-0.50,-1.811%,118064077.00,United States,,2801,Energy,Oilfield Services/Equipment
AEF,Aberdeen Emerging Markets Equity Income Fund Inc. Common Stock,$7.77,0.00,0.00%,394341315.00,United States,,62055,Finance,Finance/Investors Services
AGE,AgeX Therapeutics Inc. Common Stock,$0.598,0.028,4.912%,22687627.00,,2018,112592,Health Care,Biotechnology: Pharmaceutical Preparations
AIM,AIM ImmunoTech Inc. Common Stock,$1.10,-0.04,-3.509%,43659013.00,United States,,326937,Health Care,Biotechnology: Biological Products (No Diagnostic Substances)
AINC,Ashford Inc. (Holding Company) Common Stock,$15.77,0.8923,5.998%,47667506.00,United States,2014,6190,Finance,Investment Managers
AIRI,Air Industries Group Common Stock,$0.9204,0.0004,0.043%,29570617.00,United States,,77909,Capital Goods,Military/Government/Technical
AMBO,Ambow Education Holding Ltd. American Depository Shares each representing two Class A ordinary shares,$0.97,-0.0041,-0.421%,22543127.00,China,,25855,Miscellaneous,Service to the Health Industry
AMPE,Ampio Pharmaceuticals Inc.,$0.631,-0.0406,-6.045%,143318832.00,United States,,1200465,Health Care,Biotechnology: Pharmaceutical Preparations
AMS,American Shared Hospital Services Common Stock,$2.39,-0.03,-1.24%,14024520.00,United States,,9188,Health Care,Medical Specialities
APT,Alpha Pro Tech Ltd. Common Stock,$5.82,-0.26,-4.276%,77012516.00,Canada,,481114,,
ARMP,Armata Pharmaceuticals Inc. Common Stock,$5.54,0.02,0.362%,150058096.00,United States,,25426,Health Care,Biotechnology: Biological Products (No Diagnostic Substances)
ASM,Avino Silver & Gold Mines Ltd. Common Shares (Canada),$0.82,0.0039,0.478%,83839433.00,Canada,,430495,,
ASXC,Asensus Surgical Inc. Common Stock,$1.14,0.00,0.00%,267204291.00,United States,,3585201,Health Care,Medical/Dental Instruments
ATNM,Actinium Pharmaceuticals Inc. (Delaware) Common Stock,$6.61,0.19,2.96%,145623839.00,United States,,104469,Health Care,Biotechnology: Pharmaceutical Preparations
AUMN,Golden Minerals Company Common Stock,$0.3535,-0.0158,-4.278%,57551430.00,United States,,341026,Basic Industries,Metal Mining
AWX,Avalon Holdings Corporation Common Stock,$3.44,0.01,0.292%,13414043.00,United States,,15087,Public Utilities,Environmental Services
AXU,Alexco Resource Corp Common Shares (Canada),$1.74,-0.04,-2.247%,262580482.00,Canada,,787074,,
BATL,Battalion Oil Corporation Common Stock,$9.99,-0.15,-1.479%,162576391.00,,,1271,Energy,Oil & Gas Production
BCV,Bancroft Fund Ltd.,$26.16,0.33,1.278%,144345282.00,United States,,17832,Finance,Finance/Investors Services
BCV^A,Bancroft Fund Limited 5.375% Series A Cumulative Preferred Shares,$25.475,0.025,0.098%,,United States,,315,,
BDL,Flanigan's Enterprises Inc. Common Stock,$30.315,-0.285,-0.931%,56344884.00,United States,,11355,Consumer Services,Restaurants
BDR,Blonder Tongue Laboratories Inc. Common Stock,$0.58,0.0562,10.729%,7190704.00,United States,,57794,Technology,Radio And Television Broadcasting And Communications Equipment
BGI,Birks Group Inc. Common Stock,$4.66,0.04,0.866%,85412874.00,Canada,,81780,,
BHB,Bar Harbor Bankshares Inc. Common Stock,$28.93,0.41,1.438%,433567719.00,United States,,16200,Finance,Major Banks
BKTI,BK Technologies Corporation Common Stock,$2.23,0.15,7.212%,37495969.00,United States,,228877,Technology,Radio And Television Broadcasting And Communications Equipment
BMTX,BM Technologies Inc. Common Stock,$9.46,-0.17,-1.765%,115472336.00,,2018,92798,Technology,EDP Services
BRBS,Blue Ridge Bankshares Inc. Common Stock,$17.75,-0.10,-0.56%,333255043.00,,,25578,Finance,Commercial Banks
BRG,Bluerock Residential Growth REIT Inc. Class A Common Stock,$26.57,-0.13,-0.487%,700045396.00,,2014,1385173,Consumer Services,Real Estate Investment Trusts
BRG^C,Bluerock Residential Growth REIT Inc. 7.625% Series C Cumulative Redeemable Preferred Stock,$25.37,-0.38,-1.476%,,,,6264,,
BRG^D,Bluerock Residential Growth REIT Inc. 7.125% Series D Cumulative Preferred Stock ($0.01 par value per share),$25.14,-0.39,-1.528%,,,,2623,,
BRN,Barnwell Industries Inc. Common Stock,$2.94,0.44,17.60%,27768732.00,United States,,465140,Energy,Oil & Gas Production
BTG,B2Gold Corp Common shares (Canada),$3.78,0.03,0.80%,3990109765.00,Canada,,7720076,,
BTN,Ballantyne Strong Inc. Common Stock,$2.86,-0.04,-1.379%,52838551.00,United States,,69483,Miscellaneous,Industrial Machinery/Components
BTTR,Better Choice Company Inc. Common Stock,$3.06,0.17,5.882%,89478430.00,,2021,325378,Consumer Non-Durables,Food Distributors
CANF,Can-Fite Biopharma Ltd Sponsored ADR (Israel),$1.41,-0.05,-3.425%,28293826.00,Israel,,4255165,Health Care,Biotechnology: Pharmaceutical Preparations
CCF,Chase Corporation Common Stock,$99.32,0.12,0.121%,939317807.00,United States,,14742,Basic Industries,Paints/Coatings
CDOR,Condor Hospitality Trust Inc. Common Stock,$7.93,-0.03,-0.377%,116749639.00,United States,,857114,Consumer Services,Real Estate Investment Trusts
CEI,Camber Energy Inc. Common Stock,$0.787,-0.0934,-10.609%,196750000.00,United States,,26531785,Energy,Oil & Gas Production
CET,Central Securities Corporation Common Stock,$42.39,0.50,1.194%,1112479048.00,United States,,74990,Finance,Finance/Investors Services
CEV,Eaton Vance California Municipal Income Trust Shares of Beneficial Interest,$13.51,0.07,0.521%,96374598.00,United States,1999,21982,Finance,Finance/Investors Services
CIK,Credit Suisse Asset Management Income Fund Inc. Common Stock,$3.42,0.02,0.588%,178969609.00,United States,,352316,Finance,Finance/Investors Services
CIX,CompX International Inc. Common Stock,$22.42,-0.15,-0.665%,278134830.00,United States,1998,3158,Miscellaneous,Diversified Manufacture
CKX,CKX Lands Inc. Common Stock,$11.47,0.00,0.00%,22280418.00,United States,,26,Energy,Oil & Gas Production
CLM,Cornerstone Strategic Value Fund Inc. New Common Stock,$13.98,0.17,1.231%,1647944324.00,United States,1987,933451,Finance,Finance/Investors Services
CMCL,Caledonia Mining Corporation Plc Common Shares,$11.03,-0.10,-0.898%,140705364.00,Canada,,30360,Basic Industries,Precious Metals
CMT,Core Molding Technologies Inc Common Stock,$8.86,0.09,1.026%,71617852.00,United States,,11886,Consumer Durables,Electronic Components
COHN,Cohen & Company Inc.,$15.40,0.08,0.522%,25262822.00,United States,,7006,Finance,Investment Managers
CPHI,China Pharma Holdings Inc. Common Stock,$0.4202,0.0001,0.024%,19892082.00,China,,83820,Health Care,Biotechnology: Pharmaceutical Preparations
CQP,Cheniere Energy Partners LP Cheniere Energy Partners LP Common Units,$40.82,0.31,0.765%,19757925931.00,United States,2007,163985,Public Utilities,Oil/Gas Transmission
CRF,Cornerstone Total Return Fund Inc. (The) Common Stock,$13.35,0.19,1.444%,830721546.00,United States,,368726,Finance,Finance/Investors Services
CTEK,CynergisTek Inc. Common Stock,$1.32,0.02,1.538%,17405583.00,United States,2017,41024,Technology,Retail: Computer Software & Peripheral Equipment
CTGO,Contango ORE Inc. Common Stock,$25.9999,0.2398,0.931%,173828727.00,,2021,578,Basic Industries,Precious Metals
CVM,Cel-Sci Corporation Common Stock,$8.09,0.26,3.321%,348097734.00,United States,,790882,Health Care,Biotechnology: Biological Products (No Diagnostic Substances)
CVR,Chicago Rivet & Machine Co. Common Stock,$27.6499,1.3499,5.133%,26713453.00,United States,,1808,Consumer Non-Durables,Industrial Specialties
CVU,CPI Aerostructures Inc. Common Stock,$2.27,-0.03,-1.304%,27949028.00,United States,,74873,Capital Goods,Military/Government/Technical
CYBN,Cybin Inc. Common Shares,$1.24,0.03,2.479%,200093789.00,,,496711,,
DHY,Credit Suisse High Yield Bond Fund Common Stock,$2.44,0.03,1.245%,252558061.00,United States,1998,264278,Finance,Finance/Investors Services
DIT,AMCON Distributing Company Common Stock,$185.00,8.00,4.52%,107815965.00,United States,,461,Consumer Non-Durables,Food Distributors
DLA,Delta Apparel Inc. Common Stock,$28.89,0.51,1.797%,201497927.00,United States,,15852,,
DMF,BNY Mellon Municipal Income Inc. Common Stock,$8.66,0.01,0.116%,179741166.00,United States,1988,76626,Finance,Finance/Investors Services
DNN,Denison Mines Corp Ordinary Shares (Canada),$1.40,-0.03,-2.098%,1130307471.00,Canada,,4140445,,
DSS,DSS Inc. Common Stock,$0.7823,0.0565,7.785%,62385207.00,United States,,603601,Consumer Services,Recreational Products/Toys
DXF,Dunxin Financial Holdings Limited American Depositary Shares,$0.959,0.0151,1.60%,20023140.00,China,,244109,Consumer Non-Durables,Apparel
DXR,Daxor Corporation Common Stock,$10.98,-0.02,-0.182%,44291969.00,United States,,3133,Health Care,Medical/Dental Instruments
EAD,Allspring Income Opportunities Fund Common Shares,$8.66,0.07,0.815%,524676613.00,United States,2003,157103,Finance,Finance/Investors Services
ECF,Ellsworth Growth and Income Fund Ltd.,$12.22,0.23,1.918%,164963377.00,United States,1986,67826,Finance,Finance/Investors Services
ECF^A,Ellsworth Growth and Income Fund Ltd. 5.25% Series A Cumulative Preferred Shares (Liquidation Preference $25.00 per share),$25.54,0.00,0.00%,,United States,,53,,
EIM,Eaton Vance Municipal Bond Fund Common Shares of Beneficial Interest $.01 par value,$13.56,0.14,1.043%,975685175.00,United States,2002,144058,Finance,Finance/Investors Services
ELA,Envela Corporation Common Stock,$4.08,-0.02,-0.488%,109851474.00,United States,,3766,Consumer Services,Consumer Specialties
ELLO,Ellomay Capital Ltd Ordinary Shares (Israel),$27.50,-0.765,-2.707%,353355613.00,Israel,,1666,Public Utilities,Electric Utilities: Central
ELMD,Electromed Inc. Common Stock,$12.50,0.00,0.00%,107120488.00,United States,2011,6478,Health Care,Biotechnology: Electromedical & Electrotherapeutic Apparatus
EMAN,eMagin Corporation Common Stock,$1.39,-0.06,-4.138%,101024764.00,United States,,811270,Capital Goods,Industrial Machinery/Components
EMX,EMX Royalty Corporation Common Shares (Canada),$2.19,0.03,1.389%,230721342.00,Canada,,178186,,
ENSV,Enservco Corporation Common Stock,$0.997,0.0086,0.87%,11397987.00,United States,,63169,Energy,Oilfield Services/Equipment
ENX,Eaton Vance New York Municipal Bond Fund Common Shares of Beneficial Interest $.01 par value,$12.11,-0.05,-0.411%,219412540.00,United States,2002,64027,Finance,Finance/Investors Services
EPM,Evolution Petroleum Corporation Inc. Common Stock,$4.96,-0.01,-0.201%,166813475.00,United States,,86340,Energy,Oil & Gas Production
EQX,Equinox Gold Corp. Common Shares,$6.61,0.26,4.094%,1987476583.00,Canada,,1729686,,
ERC,Allspring Multi-Sector Income Fund Common Stock,$12.87,0.01,0.078%,361229999.00,United States,2003,65230,Finance,Finance/Investors Services
ERH,Allspring Utilities and High Income Fund Common Shares,$14.879,-0.021,-0.141%,138169072.00,,2004,29671,Finance,Finance/Investors Services
ESP,Espey Mfg. & Electronics Corp. Common Stock,$12.99,-0.01,-0.077%,31552554.00,United States,,684,Capital Goods,Industrial Machinery/Components
EVBN,Evans Bancorp Inc. Common Stock,$39.69,-0.39,-0.973%,216978205.00,United States,,5579,Finance,Major Banks
EVI,EVI Industries Inc.  Common Stock,$30.80,0.39,1.282%,406859006.00,United States,,21092,Capital Goods,Industrial Machinery/Components
EVM,Eaton Vance California Municipal Bond Fund Common Shares of Beneficial Interest $.01 par value,$11.65,-0.03,-0.257%,291184049.00,United States,2002,91609,Finance,Finance/Investors Services
EVV,Eaton Vance Limited Duration Income Fund Common Shares of Beneficial Interest,$13.09,0.09,0.692%,1520668677.00,United States,2003,347310,Finance,Finance/Investors Services
EXN,Excellon Resources Inc. Common Shares,$1.14,0.015,1.333%,37682575.00,,2020,22733,,
FAX,Aberdeen Asia-Pacific Income Fund Inc Common Stock,$3.93,0.04,1.028%,973444372.00,United States,1986,759775,Finance,Investment Managers
FCO,Aberdeen Global Income Fund Inc. Common Stock,$7.01,0.20,2.937%,61283663.00,United States,1992,57235,Finance,Investment Managers
FEN,First Trust Energy Income and Growth Fund,$13.12,0.13,1.001%,255125878.00,United States,2004,94693,Finance,Finance/Investors Services
FRD,Friedman Industries Inc. Common Stock,$9.41,0.19,2.061%,64981103.00,United States,,9706,Basic Industries,Steel/Iron Ore
FSI,Flexible Solutions International Inc. Common Stock (CDA),$3.57,-0.12,-3.252%,44008268.00,Canada,,12722,Capital Goods,Recreational Products/Toys
FSP,Franklin Street Properties Corp. Common Stock,$6.28,0.09,1.454%,663373513.00,United States,,517642,Consumer Services,Real Estate Investment Trusts
FTF,Franklin Limited Duration Income Trust Common Shares of Beneficial Interest,$8.91,0.04,0.451%,268607632.00,United States,2003,190904,Finance,Finance/Investors Services
FTSI,FTS International Inc. Class A Common Stock,$26.24,0.08,0.306%,369009210.00,United States,2020,110568,Energy,Oilfield Services/Equipment
FURY,Fury Gold Mines Limited Common Shares,$0.625,0.0113,1.841%,78370114.00,,2020,136298,,
GAU,Galiano Gold Inc.,$0.7156,0.0056,0.789%,160969535.00,Canada,,391049,,
GBR,New Concept Energy Inc Common Stock,$2.79,0.16,6.084%,14318096.00,United States,,73219,Consumer Services,Real Estate
GDP,Goodrich Petroleum Corporation Common Stock,$23.02,0.05,0.218%,331283214.00,United States,2017,148486,Energy,Oil & Gas Production
GGN,GAMCO Global Gold Natural Resources & Income Trust,$3.74,0.01,0.268%,576098133.00,United States,2005,506148,Finance,Finance/Investors Services
GGN^B,GAMCO Global Gold Natural Reources & Income Trust 5.00% Series B Cumulative 25.00 Liquidation Preference,$25.20,0.00,0.00%,,United States,,482,,
GLDG,GoldMining Inc. Common Shares,$1.13,0.01,0.893%,169562255.00,,,192038,,
GLO,Clough Global Opportunities Fund Common Stock,$10.95,-0.02,-0.182%,436062310.00,United States,2006,435166,Finance,Finance/Investors Services
GLQ,Clough Global Equity Fund Clough Global Equity Fund Common Shares of Beneficial Interest,$13.15,0.11,0.844%,232130257.00,United States,2005,309593,Finance,Finance/Investors Services
GLTA,Galata Acquisition Corp. Class A Ordinary Shares,$9.89,0.00,0.00%,177710938.00,,2021,2542,,
GLU,Gabelli Global Utility Common Shares of Beneficial Ownership,$20.49,0.04,0.196%,110135574.00,United States,2004,8941,Finance,Finance/Investors Services
GLU^A,The Gabelli Global Utility and Income Trust Series A Cumulative Puttable and Callable Preferred Shares,$46.75,-0.5657,-1.196%,,United States,,300,,
GLU^B,The Gabelli Global Utility and Income Trust Series B Cumulative Puttable and Callable Preferred Shares,$51.0799,-0.31,-0.603%,,United States,,4902,,
GLV,Clough Global Dividend and Income Fund Common Shares of beneficial interest,$10.56,-0.01,-0.095%,118677715.00,United States,2004,112621,Finance,Finance/Investors Services
GOED,1847 Goedeker Inc. Commom Stock,$2.71,0.13,5.039%,288309670.00,United States,2020,2710701,Capital Goods,Recreational Products/Toys
GORO,Gold Resource Corporation Common Stock,$1.63,-0.04,-2.395%,143922984.00,United States,,1820667,Basic Industries,Precious Metals
GPL,Great Panther Mining Limited Ordinary Shares (Canada),$0.2503,0.0004,0.16%,111491858.00,Canada,,2026850,,
GRF,Eagle Capital Growth Fund Inc. Common Stock,$8.66,0.00,0.00%,35152819.00,United States,,2022,Finance,Finance/Investors Services
GROY,Gold Royalty Corp. Common Shares,$4.91,0.06,1.237%,656958000.00,,2021,446602,,
GSAT,Globalstar Inc. Common Stock,$1.22,-0.03,-2.40%,2187460000.00,United States,2006,3217701,Consumer Services,Telecommunications Equipment
GSS,Golden Star Resources Ltd Common Stock,$3.71,0.04,1.09%,429339924.00,United States,,334697,,
GSV,Gold Standard Ventures Corporation Common Stock (Canada),$0.44,0.0022,0.503%,157506910.00,Canada,,567127,,
GTE,Gran Tierra Energy Inc. Common Stock,$0.7689,0.0329,4.47%,282297406.00,Canada,,2883751,Energy,Oil & Gas Production
HMG,HMG/Courtland Properties Inc. Common Stock,$23.80,-0.0299,-0.125%,24200982.00,United States,,136,Consumer Services,Real Estate Investment Trusts
HNW,Pioneer Diversified High Income Fund Inc.,$15.73,0.07,0.447%,131074787.00,United States,2007,26408,Finance,Finance/Investors Services
HUSA,Houston American Energy Corporation Common Stock,$1.45,-0.03,-2.027%,14396090.00,United States,,99007,Energy,Oil & Gas Production
HWM^,Howmet Aerospace Inc. $3.75 Preferred Stock,$75.43,-0.02,-0.027%,,United States,,855,,
IAF,Aberdeen Australia Equity Fund Inc Common Stock,$5.95,0.16,2.763%,139796029.00,United States,,95589,Finance,Finance/Investors Services
IBIO,iBio Inc. Common Stock,$0.66,0.01,1.538%,143852012.00,United States,,2008712,Health Care,Biotechnology: Pharmaceutical Preparations
ID,PARTS iD Inc. Class A Common Stock,$2.51,0.24,10.573%,83265375.00,United States,2017,103295,Miscellaneous,Diversified Commercial Services
IDW,IDW Media Holdings Class B Common Stock,$2.08,0.07,3.483%,26966035.00,,2021,42500,Consumer Services,Newspapers/Magazines
IGC,India Globalization Capital Inc. Common Stock,$1.16,0.00,0.00%,59219180.00,United States,,198184,Technology,Engineering & Construction
IHT,InnSuites Hospitality Trust Shares of Beneficial Interest,$2.3673,0.1573,7.118%,21591504.00,United States,,57962,Consumer Services,Real Estate Investment Trusts
IMH,Impac Mortgage Holdings Inc. Common Stock ,$1.10,0.00,0.00%,23465952.00,United States,1997,13645,Finance,Finance: Consumer Services
IMO,Imperial Oil Limited Common Stock,$35.23,0.78,2.264%,24506387367.00,Canada,,399863,,
INDO,Indonesia Energy Corporation Limited Ordinary Shares,$2.975,0.015,0.507%,22142791.00,,2019,2557,Energy,Oil & Gas Production
INFU,InfuSystems Holdings Inc. Common Stock,$16.67,0.06,0.361%,344226281.00,United States,,73059,Health Care,Medical/Dental Instruments
INTT,inTest Corporation Common Stock,$12.49,0.17,1.38%,135808666.00,United States,1997,50921,Technology,Semiconductors
INUV,Inuvo Inc.,$0.5188,0.0001,0.019%,61606176.00,United States,,1782044,Technology,Advertising
IOR,Income Opportunity Realty Investors Inc. Common Stock,$12.07,0.54,4.683%,50312757.00,United States,,1019,Finance,Diversified Financial Services
ISDR,Issuer Direct Corporation Common Stock,$30.25,-0.40,-1.305%,114678900.00,United States,,2615,Technology,EDP Services
ISR,IsoRay Inc. Common Stock (DE),$0.415,0.0011,0.266%,58894835.00,United States,,403165,Health Care,Medical/Dental Instruments
ITP,IT Tech Packaging Inc. Common Stock,$0.2495,0.0069,2.844%,24712950.00,China,,652112,Basic Industries,Paper
ITRG,Integra Resources Corp. Common Shares,$2.01,-0.01,-0.495%,124835683.00,,,77803,,
JOB,GEE Group Inc. Common Stock,$0.5306,0.0279,5.55%,60541701.00,United States,,1721137,Technology,Diversified Commercial Services
KIQ,Kelso Technologies Inc Ordinary Shares,$0.4749,0.0009,0.19%,25772864.00,Canada,,231447,,
KULR,KULR Technology Group Inc. Common Stock,$3.04,0.04,1.333%,318400802.00,United States,,658533,,
LCTX,Lineage Cell Therapeutics Inc. Common Stock,$2.63,0.06,2.335%,394450943.00,United States,,1251707,Health Care,Biotechnology: Biological Products (No Diagnostic Substances)
LEU,Centrus Energy Corp. Class A Common Stock,$54.03,-0.34,-0.625%,757354881.00,United States,2014,100262,,
LGL,LGL Group Inc. (The) Common Stock,$10.58,0.08,0.762%,56176795.00,United States,,7763,Capital Goods,Industrial Machinery/Components
LNG,Cheniere Energy Inc. Common Stock,$103.68,-1.89,-1.79%,26292050807.00,United States,,1961008,Public Utilities,Oil/Gas Transmission
LODE,Comstock Mining Inc. Common Stock,$1.40,0.00,0.00%,91415953.00,United States,,377116,Finance,Real Estate
LOV,Spark Networks Inc. American Depositary Shares (each representing one-tenth of an Ordinary Share),$3.03,-0.02,-0.656%,79231894.00,United States,2017,115041,Miscellaneous,Other Consumer Services
LSF,Laird Superfood Inc. Common Stock,$12.23,-0.77,-5.923%,110732572.00,,2020,41430,Consumer Non-Durables,Specialty Foods
LXFR,Luxfer Holdings PLC Ordinary Shares,$18.91,0.20,1.069%,523899999.00,United Kingdom,2012,45492,Capital Goods,Metal Fabrications
MAG,MAG Silver Corporation Ordinary Shares,$16.74,0.27,1.639%,1635903978.00,Canada,,291238,,
MHH,Mastech Digital Inc Common Stock,$16.01,0.01,0.063%,183122588.00,United States,,15406,Consumer Services,Professional Services
MIMO,Airspan Networks Holdings Inc. Common Stock,$3.86,-0.06,-1.531%,278014327.00,,2020,361131,Consumer Services,Telecommunications Equipment
MITQ,Moving iMage Technologies Inc. Common Stock,$2.23,-0.01,-0.446%,23718900.00,United States,2021,42291,Capital Goods,Telecommunications Equipment
MLSS,Milestone Scientific Inc. Common Stock,$2.09,0.03,1.456%,141797994.00,United States,2015,429924,Health Care,Industrial Specialties
MMX,Maverix Metals Inc. Common Shares,$4.43,0.04,0.911%,646094923.00,,,92305,,
MSN,Emerson Radio Corporation Common Stock,$0.8102,0.004,0.496%,17048757.00,United States,,50920,Consumer Non-Durables,Consumer Electronics/Appliances
MTA,Metalla Royalty & Streaming Ltd. Common Shares,$7.25,0.02,0.277%,318576267.00,,,143969,,
MTNB,Matinas Biopharma Holdings Inc. Common Stock,$1.07,0.03,2.885%,231384855.00,United States,2017,720969,Health Care,Biotechnology: Pharmaceutical Preparations
MXC,Mexco Energy Corporation Common Stock,$9.03,0.005,0.055%,19158644.00,United States,,13539,Energy,Oil & Gas Production
MYO,Myomo Inc. Common Stock,$8.01,0.21,2.692%,54947022.00,United States,2017,25082,Health Care,Industrial Specialties
NAK,Northern Dynasty Minerals Ltd. Common Stock,$0.3433,-0.0001,-0.029%,181860356.00,Canada,,2325249,,
NAVB,Navidea Biopharmaceuticals Inc. Common Stock,$1.13,-0.03,-2.586%,34112995.00,United States,,38410,Health Care,Biotechnology: In Vitro & In Vivo Diagnostic Substances
NBH,Neuberger Berman Municipal Fund Inc. Common Stock,$16.20,0.15,0.935%,305034595.00,United States,2002,27233,Finance,Finance/Investors Services
NBO,Neuberger Berman New York Municipal Fund Inc. Common Stock,$12.825,-0.025,-0.195%,65117873.00,United States,2002,4791,Finance,Finance/Investors Services
NBW,Neuberger Berman California Municipal Fund Inc Common Stock,$13.845,0.085,0.618%,76854204.00,United States,2002,19415,Finance,Finance/Investors Services
NBY,NovaBay Pharmaceuticals Inc. Common Stock,$0.4501,0.0018,0.402%,20235760.00,United States,2007,341479,Health Care,Biotechnology: Pharmaceutical Preparations
NEN,New England Realty Associates Limited Partnership Class A Depositary Receipts Evidencing Units of Limited Partnership,$67.50,0.00,0.00%,246556980.00,United States,,1482,Finance,Real Estate
NES,Nuverra Environmental Solutions Inc. Common Stock,$2.47,0.47,23.50%,40037764.00,United States,2017,1504223,Public Utilities,Water Supply
NEWP,New Pacific Metals Corp. Common Shares,$2.96,0.00,0.00%,460456893.00,,2021,291533,,
NFGC,New Found Gold Corp Common Shares,$6.57,0.50,8.237%,1078744015.00,,2021,164280,,
NG,Novagold Resources Inc.,$6.95,0.09,1.312%,2305158993.00,Canada,,798266,,
NGD,New Gold Inc.,$1.47,0.09,6.522%,1000923000.00,Canada,,6422596,,
NHC,National HealthCare Corporation Common Stock,$67.36,0.19,0.283%,1038916182.00,United States,,16337,Health Care,Hospital/Nursing Management
NHS,Neuberger Berman High Yield Strategies Fund,$12.27,0.14,1.154%,179894973.00,United States,,29548,Finance,Trusts Except Educational Religious and Charitable
NILE,BitNile Holdings Inc. Common Stock,$1.44,-0.04,-2.703%,117971981.00,United States,,1437498,Finance,Investment Bankers/Brokers/Service
NML,Neuberger Berman MLP and Energy Income Fund Inc. Common Stock,$5.03,0.06,1.207%,284994408.00,,2013,281204,Finance,Finance/Investors Services
NNVC,NanoViricides Inc. Common Stock,$3.96,-0.13,-3.178%,45639000.00,United States,,67468,Health Care,Biotechnology: Pharmaceutical Preparations
NOG,Northern Oil and Gas Inc. Common Stock,$19.92,0.19,0.963%,1537726173.00,United States,,683818,Energy,Oil & Gas Production
NRO,Neuberger Berman Real Estate Securities Income Fund Inc. Neuberger Berman Real Estate Securities Income Fund Inc.,$5.12,0.05,0.986%,242904648.00,United States,2003,126945,Finance,Finance/Investors Services
NTIP,Network-1 Technologies Inc. Common Stock,$2.88,0.00,0.00%,69406932.00,United States,,42213,,
NXE,Nexgen Energy Ltd. Common Shares,$4.36,0.00,0.00%,2078897769.00,,,895452,,
OGEN,Oragenics Inc. Common Stock,$0.4943,-0.0293,-5.596%,57533953.00,United States,,2603713,Health Care,Biotechnology: Pharmaceutical Preparations
OPTT,Ocean Power Technologies Inc. Common Stock,$1.78,-0.01,-0.559%,99454248.00,United States,2007,443227,Capital Goods,Industrial Machinery/Components
ORLA,Orla Mining Ltd. Common Shares,$3.78,0.03,0.80%,935927826.00,,2020,16495,,
OZ,Belpointe PREP LLC Class A Units,$100.05,0.01,0.01%,0.00,,,103139,,
PCG^A,Pacific Gas & Electric Co. 6% Preferred Stock,$29.24,-0.06,-0.205%,,United States,,11090,,
PCG^B,Pacific Gas & Electric Co. 5 1/2% Preferred Stock,$27.1501,0.00,0.00%,,United States,,180,,
PCG^C,Pacific Gas & Electric Co. 5% 1st Preferred Stock,$25.26,0.01,0.04%,,United States,,600,,
PCG^D,Pacific Gas & Electric Co. 5% 1st  Red. Preferred Stock,$24.47,0.13,0.534%,,United States,,321,,
PED,Pedevco Corp. Common Stock,$1.08,0.03,2.857%,90947019.00,United States,,353725,,
PHGE,BiomX Inc. COmmon Stock,$1.45,0.01,0.694%,41442782.00,,2019,93226,Health Care,Biotechnology: Pharmaceutical Preparations
PLAG,Planet Green Holdings Corp. Common Stock,$1.04,0.05,5.051%,37005207.00,China,,33649,,
PLG,Platinum Group Metals Ltd. Ordinary Shares (Canada),$1.90,0.05,2.703%,151478591.00,Canada,,997683,,
PLM,Polymet Mining Corporation Ordinary Shares (Canada),$2.82,-0.15,-5.051%,284474042.00,Canada,,125493,,
PLX,Protalix BioTherapeutics Inc. (DE) Common Stock,$0.9025,0.0275,3.143%,41114874.00,Israel,,644115,Health Care,Biotechnology: Biological Products (No Diagnostic Substances)
PLYM^A,Plymouth Industrial REIT Inc. 7.50% Series A Cumulative Redeemable Preferred Stock,$26.705,0.158,0.595%,,United States,,1358,,
PRK,Park National Corporation Common Stock,$137.74,1.86,1.369%,2234083847.00,United States,,29357,Finance,Major Banks
PTN,Palatin Technologies Inc. Common Stock,$0.54,-0.005,-0.917%,124926447.00,United States,,2104395,Health Care,Biotechnology: Pharmaceutical Preparations
PW,Power REIT (MD) Common Stock,$62.00,3.45,5.892%,205990846.00,United States,,17212,Consumer Services,Real Estate Investment Trusts
PW^A,Power REIT 7.75% Series A Cumulative Perpetual Preferred Stock,$26.02,-0.075,-0.287%,,United States,,1558,,
PZG,Paramount Gold Nevada Corp. Common Stock,$0.7506,-0.0115,-1.509%,30418178.00,United States,2015,47321,Basic Industries,Precious Metals
RCG,RENN Fund Inc Common Stock,$2.74,0.005,0.183%,16308359.00,United States,,15932,Finance,Investment Managers
RCOR,Renovacor Inc. Common Stock,$8.09,0.11,1.378%,139601380.00,,2020,7775,Health Care,Biotechnology: Pharmaceutical Preparations
REI,Ring Energy Inc. Common Stock,$2.35,0.08,3.524%,234154381.00,United States,,998682,Energy,Oil & Gas Production
REPX,Riley Exploration Permian Inc. Common Stock,$17.77,-0.16,-0.892%,345983784.00,United States,,25121,Energy,Oil & Gas Production
RHE,Regional Health Properties Inc. Common Stock,$4.80,-0.45,-8.571%,8518104.00,,2017,62019,Health Care,Hospital/Nursing Management
RHE^A,Regional Health Properties Inc. 10.875% Series A Cumulative Redeemable Preferred Stock,$4.3899,-0.0001,-0.002%,,,,1252,,
RLGT,Radiant Logistics Inc. Common Stock,$7.04,0.11,1.587%,350066570.00,United States,,153696,Transportation,Oil Refining/Marketing
RMED,Ra Medical Systems Inc. Common Stock,$1.65,0.05,3.125%,11599112.00,,2018,128038,Health Care,Medical/Dental Instruments
RVP,Retractable Technologies Inc. Common Stock,$7.26,-0.05,-0.684%,245128695.00,United States,,121109,Health Care,Medical/Dental Instruments
SACC,Sachem Capital Corp. 6.875% Notes due 2024,$25.085,-0.045,-0.179%,0.00,United States,2019,9852,Consumer Services,Real Estate Investment Trusts
SACH,Sachem Capital Corp. Common Shares,$6.00,0.31,5.448%,190175886.00,United States,2017,702014,Consumer Services,Real Estate Investment Trusts
SACH^A,Sachem Capital Corp. 7.75% Series A Cumulative Redeemable Preferred Stock,$25.20,-0.04,-0.158%,,United States,,23443,,
SBEV,Splash Beverage Group Inc. (NV) Common Stock,$1.09,-0.05,-4.386%,35554421.00,,2021,149636,Consumer Non-Durables,Beverages (Production/Distribution)
SCCB,Sachem Capital Corp. 7.125% Notes due 2024,$25.15,0.01,0.04%,0.00,United States,2019,2706,Consumer Services,Real Estate Investment Trusts
SCCC,Sachem Capital Corp. 7.75% Notes due 2025,$25.56,0.015,0.059%,0.00,United States,2020,3190,Consumer Services,Real Estate Investment Trusts
SCCD,Sachem Capital Corp.,$24.85,24.85,,0.00,United States,,63012,,
SDPI,Superior Drilling Products Inc. Common Stock,$0.7645,0.0445,6.181%,21535266.00,,2014,75182,Energy,Metal Fabrications
SEB,Seaboard Corporation Common Stock,$3840.89,1.86,0.048%,4458424453.00,United States,1996,782,,
SENS,Senseonics Holdings Inc. Common Stock,$2.86,0.08,2.878%,1275510439.00,United States,,3713055,Health Care,Medical Specialities
SIF,SIFCO Industries Inc. Common Stock,$5.99,0.29,5.088%,36041650.00,United States,,48262,Capital Goods,Office Equipment/Supplies/Services
SILV,SilverCrest Metals Inc. Common Shares,$7.93,0.20,2.587%,1151028113.00,,2018,453751,Capital Goods,Industrial Machinery/Components
SIM,Grupo Simec S.A.B. de C.V. American Depositary Shares,$26.01,1.51,6.163%,4012298022.00,Mexico,1993,3056,Basic Industries,Steel/Iron Ore
SLI,Standard Lithium Ltd. Common Shares,$8.92,0.00,0.00%,1435357492.00,,2021,956097,,
SMTS,Sierra Metals Inc. Common Stock,$1.34,0.08,6.349%,218956000.00,,,351692,,
SNMP,Evolve Transition Infrastructure LP Common Stock,$0.6484,-0.0216,-3.224%,74024728.00,United States,,518627,Energy,Oil & Gas Production
SSY,SunLink Health Systems Inc. Common Stock,$1.68,-0.06,-3.448%,11682974.00,United States,,26492,Health Care,Medical/Nursing Services
STXS,Stereotaxis Inc. Common Stock,$6.06,0.14,2.365%,451961090.00,United States,,184609,Health Care,Biotechnology: Electromedical & Electrotherapeutic Apparatus
SVM,Silvercorp Metals Inc. Common Shares,$3.77,-0.01,-0.265%,665574051.00,,,697687,,
SVT,Servotronics Inc. Common Stock,$12.95,-0.50,-3.717%,32267088.00,United States,,9029,Consumer Durables,Metal Fabrications
SYN,Synthetic Biologics Inc. Common Stock,$0.3276,-0.0041,-1.236%,43257135.00,United States,,1451335,Health Care,Biotechnology: Pharmaceutical Preparations
TELL,Tellurian Inc. Common Stock,$3.11,0.05,1.634%,1489705743.00,United States,,6107892,Energy,Oil & Gas Production
TELZ,Tellurian Inc. 8.25% Senior Notes due 2028,$25.0999,0.0999,0.40%,0.00,United States,,12171,,
TGB,Taseko Mines Ltd. Common Stock,$2.00,0.07,3.627%,567912382.00,Canada,,1130809,,
THM,International Tower Hill Mines Ltd. Ordinary Shares (Canada),$0.7402,0.0042,0.571%,144271038.00,Canada,,130093,,
TKAT,Takung Art Co. Ltd. Common Stock,$3.98,0.22,5.851%,55550265.00,,,468242,Consumer Services,Catalog/Specialty Distribution
TMBR,Timber Pharmaceuticals Inc. Common Stock,$0.4404,0.0019,0.433%,28095833.00,United States,2015,878563,Consumer Durables,Specialty Chemicals
TMP,Tompkins Financial Corporation Common Stock,$81.62,-0.01,-0.012%,1196483496.00,United States,,27131,Finance,Major Banks
TMQ,Trilogy Metals Inc. Common Stock,$1.56,-0.02,-1.266%,225344317.00,Canada,,186932,,
TPHS,Trinity Place Holdings Inc. Common Stock,$1.86,0.01,0.541%,67363795.00,,,32992,Consumer Services,Real Estate
TRT,Trio-Tech International Common Stock,$12.82,1.91,17.507%,50641308.00,United States,,2331449,Technology,Industrial Machinery/Components
TRX,Tanzanian Gold Corporation Common Stock,$0.407,-0.003,-0.732%,103732316.00,Canada,,309756,,
UAMY,United States Antimony Corporation Common Stock,$0.5245,-0.0104,-1.944%,55658809.00,United States,,673920,,
UAVS,AgEagle Aerial Systems Inc. Common Stock,$1.80,0.03,1.695%,135562855.00,United States,,1967734,,
UEC,Uranium Energy Corp. Common Stock,$3.44,-0.03,-0.865%,919352398.00,Canada,,6766533,Basic Industries,Other Metals and Minerals
UFAB,Unique Fabricating Inc. Common Stock,$2.02,0.18,9.783%,23700957.00,United States,2015,45077,Capital Goods,Auto Parts:O.E.M.
URG,Ur Energy Inc Common Shares (Canada),$1.33,0.00,0.00%,287297988.00,Canada,,1335061,,
USAS,Americas Gold and Silver Corporation Common Shares no par value,$0.84,-0.0001,-0.012%,138085130.00,,2017,437885,,
UTG,Reaves Utility Income Fund Common Shares of Beneficial Interest,$34.20,0.07,0.205%,2227314809.00,United States,2004,124711,Finance,Investment Managers
UUU,Universal Security Instruments Inc. Common Stock,$3.66,-0.03,-0.813%,8465166.00,United States,,10601,Miscellaneous,Diversified Manufacture
UUUU,Energy Fuels Inc Ordinary Shares (Canada),$7.86,0.03,0.383%,1223178285.00,,,1642102,,
VCF,Delaware Investments Colorado Municipal Income Fund Inc  Common Stock,$14.46,-0.10,-0.687%,69944466.00,United States,1993,736,Finance,Finance/Investors Services
VFL,Delaware Investments National Municipal Income Fund Common Stock,$14.18,-0.11,-0.77%,64213322.00,United States,1993,4514,Finance,Finance/Investors Services
VGZ,Vista Gold Corp Common Stock,$0.68,0.0009,0.133%,79688678.00,United States,,136909,,
VHAQ,Viveon Health Acquisition Corp. Common Stock,$10.03,0.00,0.00%,252317188.00,,2021,6594,,
VINE,Fresh Vine Wine Inc. Common Stock,$5.25,-0.20,-3.67%,64050068.00,,2021,130799,Consumer Non-Durables,Beverages (Production/Distribution)
VKI,Invesco Advantage Municipal Income Trust II Common Shares of Beneficial Interest (DE),$12.26,-0.05,-0.406%,544240415.00,United States,,143752,Finance,Finance Companies
VMM,Delaware Investments Minnesota Municipal Income Fund II Inc. Common Stock,$14.09,0.05,0.356%,162105098.00,United States,1993,12862,Finance,Finance/Investors Services
VNRX,VolitionRX Limited Common Stock,$3.29,-0.12,-3.519%,176133970.00,Singapore,2015,59703,Health Care,Biotechnology: Biological Products (No Diagnostic Substances)
VOLT,Volt Information Sciences Inc. Common Stock,$2.75,0.21,8.268%,60718015.00,United States,,43289,Technology,Diversified Commercial Services
WBEV,Winc Inc. Common Stock,$5.50,0.21,3.97%,72375435.00,,2021,49456,Consumer Non-Durables,Beverages (Production/Distribution)
WLMS,Williams Industrial Services Group Inc. Common Stock,$3.10,-0.01,-0.322%,80338056.00,,2021,52176,Capital Goods,Engineering & Construction
WRN,Western Copper and Gold Corporation Common Stock,$1.48,0.07,4.965%,224110665.00,Canada,2011,165998,,
WTT,Wireless Telecom Group  Inc. Common Stock,$2.02,0.06,3.061%,45290790.00,United States,,121576,Capital Goods,Telecommunications Equipment
WWR,Westwater Resources Inc. Common Stock,$2.47,0.01,0.407%,87124960.00,United States,,359910,Basic Industries,Other Metals and Minerals
WYY,WidePoint Corporation Common Stock,$3.87,-0.04,-1.023%,35364625.00,United States,,91264,Technology,EDP Services
XPL,Solitario Zinc Corp. Common Stock,$0.5203,-0.0047,-0.895%,32277538.00,United States,,108292,Basic Industries,Metal Mining
XTNT,Xtant Medical Holdings Inc. Common Stock,$0.715,0.0264,3.834%,62059265.00,United States,,59491,Health Care,Medical Specialities
YCBD,cbdMD Inc. Common Stock,$1.14,-0.04,-3.39%,65897708.00,United States,2017,329275,Health Care,Biotechnology: Pharmaceutical Preparations
YCBD^A,cbdMD Inc. 8.0% Series A Cumulative Convertible Preferred Stock,$5.80,0.46,8.614%,,United States,,5800,,
ZDGE,Zedge Inc. Class B Common Stock ,$9.38,0.31,3.418%,134941280.00,,2016,97829,Technology,Internet and Information Services
ZOM,Zomedica Corp. Common Shares,$0.3538,-0.0062,-1.722%,346686734.00,United States,2017,7640346,,
